SKU;Product Name;link;amazon_title;match_confidence;status;error_message
iPad10.910Gen256BluPRT-AU;Apple iPad 10 Wifi 10.9" (4GB RAM, 256GB, Blue) - Brand New;;;0;no_match;
iPad10.910Gen256SlvPRT-AU;Apple iPad 10 Wifi 10.9" (4GB RAM, 256GB, Silver) - Brand New;;;0;no_match;
iPad10.910Gen64BluPRT-AU;Apple iPad 10 Wifi 10.9" (4GB RAM, 64GB, Blue) - Brand New;;;0;no_match;
iPad10.910Gen256SlvPRT-AU;Apple iPad 10 Wifi 10.9" (4GB RAM, 256GB, Silver) - Brand New;;;0;no_match;
iPad10.910Gen64SlvPRT-AU;Apple iPad 10 Wifi 10.9" (4GB RAM, 64GB, Silver) - Brand New;;;0;no_match;
iPad10.910WF64YlwPRT-AU;Apple iPad 10 Wifi 10.9" (4GB RAM, 64GB, Yellow) - Brand New;;;0;no_match;
iPad10.910Gen256SlvPRT-AU;Apple iPad 10 Wifi 10.9" (4GB RAM, 256GB, Silver) - Brand New;;;;0;no_match;
iPad10.910WF64YlwPRT-AU;Apple iPad 10 Wifi 10.9" (4GB RAM, 64GB, Yellow) - Brand New;;;;0;no_match;
iPad1120255G6R128Blu-AU;Apple iPad 2025 5G 11" (6GB RAM, 128GB, Blue) - Brand New;;;;0;no_match;
iPad1120255G6R128Pnk-AU;Apple iPad 2025 5G 11" (6GB RAM, 128GB, Pink) - Brand New;;;;0;no_match;
iPad1120255G6R128Slv-AU;Apple iPad 2025 5G 11" (6GB RAM, 128GB, Silver) - Brand New;;;;0;no_match;
iPad1120255G6R128Ylw-AU;Apple iPad 2025 5G 11" (6GB RAM, 128GB, Yellow) - Brand New;;;;0;no_match;
iPad1120255G6R256Blu-AU;Apple iPad 2025 5G 11" (6GB RAM, 256GB, Blue) - Brand New;;;;0;no_match;
iPad10.910WF64YlwPRT-AU;Apple iPad 10 Wifi 10.9" (4GB RAM, 64GB, Yellow) - Brand New;;;;0;no_match;
iPad1120255G6R128Pnk-AU;Apple iPad 2025 5G 11" (6GB RAM, 128GB, Pink) - Brand New;;;;0;no_match;
iPad1120255G6R128Ylw-AU;Apple iPad 2025 5G 11" (6GB RAM, 128GB, Yellow) - Brand New;;;;0;no_match;
iPad1120255G6R256Pnk-AU;Apple iPad 2025 5G 11" (6GB RAM, 256GB, Pink) - Brand New;;;;0;no_match;
iPad1120255G6R256Slv-AU;Apple iPad 2025 5G 11" (6GB RAM, 256GB, Silver) - Brand New;;;;0;no_match;
iPad1120255G6R256Ylw-AU;Apple iPad 2025 5G 11" (6GB RAM, 256GB, Yellow) - Brand New;;;;0;no_match;
iPad10.910WF64YlwPRT-AU;Apple iPad 10 Wifi 10.9" (4GB RAM, 64GB, Yellow) - Brand New;;;;0;no_match;
iPad1120255G6R128Ylw-AU;Apple iPad 2025 5G 11" (6GB RAM, 128GB, Yellow) - Brand New;;;;0;no_match;
iPad1120255G6R256Slv-AU;Apple iPad 2025 5G 11" (6GB RAM, 256GB, Silver) - Brand New;;;;0;no_match;
iPad1120255G6R512Blu-AU;Apple iPad 2025 5G 11" (6GB RAM, 512GB, Blue) - Brand New;;;;0;no_match;
iPad1120255G6R512Pnk-AU;Apple iPad 2025 5G 11" (6GB RAM, 512GB, Pink) - Brand New;;;;0;no_match;
iPad1120255G6R512Slv-AU;Apple iPad 2025 5G 11" (6GB RAM, 512GB, Silver) - Brand New;;;;0;no_match;
iPad1120255G6R512Ylw-AU;Apple iPad 2025 5G 11" (6GB RAM, 512GB, Yellow) - Brand New;;;;0;no_match;
iPad112025WF6R128Blu-AU;Apple iPad 2025 Wifi 11" (6GB RAM, 128GB, Blue) - Brand New;;;;0;no_match;
iPad112025WF6R128Pnk-AU;Apple iPad 2025 Wifi 11" (6GB RAM, 128GB, Pink) - Brand New;;;;0;no_match;
iPad112025WF6R128Slv-AU;Apple iPad 2025 Wifi 11" (6GB RAM, 128GB, Silver) - Brand New;;;;0;no_match;
iPad112025WF6R128Ylw-AU;Apple iPad 2025 Wifi 11" (6GB RAM, 128GB, Yellow) - Brand New;;;;0;no_match;
iPad112025WF6R256Blu-AU;Apple iPad 2025 Wifi 11" (6GB RAM, 256GB, Blue) - Brand New;;;;0;no_match;
iPad112025WF6R256Pnk-AU;Apple iPad 2025 Wifi 11" (6GB RAM, 256GB, Pink) - Brand New;;;;0;no_match;
iPad112025WF6R256Slv-AU;Apple iPad 2025 Wifi 11" (6GB RAM, 256GB, Silver) - Brand New;;;;0;no_match;
iPad112025WF6R256Ylw-AU;Apple iPad 2025 Wifi 11" (6GB RAM, 256GB, Yellow) - Brand New;;;;0;no_match;
iPad112025WF6R512Blu-AU;Apple iPad 2025 Wifi 11" (6GB RAM, 512GB, Blue) - Brand New;;;;0;no_match;
iPad112025WF6R512Pnk-AU;Apple iPad 2025 Wifi 11" (6GB RAM, 512GB, Pink) - Brand New;;;;0;no_match;
iPad112025WF6R512Slv-AU;Apple iPad 2025 Wifi 11" (6GB RAM, 512GB, Silver) - Brand New;;;;0;no_match;
iPad112025WF6R512Ylw-AU;Apple iPad 2025 Wifi 11" (6GB RAM, 512GB, Yellow) - Brand New;;;;0;no_match;
iPadAir1120255G8R128Blu-AU;Apple iPad Air 2025 5G 11" (8GB RAM, 128GB, Blue) - Brand New;;;;0;no_match;
iPadAir1120255G8R128Prp-AU;Apple iPad Air 2025 5G 11" (8GB RAM, 128GB, Purple) - Brand New;;;;0;no_match;
iPadAir1120255G8R128Gry-AU;Apple iPad Air 2025 5G 11" (8GB RAM, 128GB, Space Gray) - Brand New;;;;0;no_match;
iPadAir1120255G8R128Stl-AU;Apple iPad Air 2025 5G 11" (8GB RAM, 128GB, Starlight) - Brand New;;;;0;no_match;
iPadAir1120255G8R1TBBlu-AU;Apple iPad Air 2025 5G 11" (8GB RAM, 1TB, Blue) - Brand New;;;;0;no_match;
iPadAir1120255G8R1TBPrp-AU;Apple iPad Air 2025 5G 11" (8GB RAM, 1TB, Purple) - Brand New;;;;0;no_match;
iPadAir1120255G8R1TBGry-AU;Apple iPad Air 2025 5G 11" (8GB RAM, 1TB, Space Gray) - Brand New;;;;0;no_match;
iPadAir1120255G8R1TBStl-AU;Apple iPad Air 2025 5G 11" (8GB RAM, 1TB, Starlight) - Brand New;;;;0;no_match;
iPadAir1120255G8R256Blu-AU;Apple iPad Air 2025 5G 11" (8GB RAM, 256GB, Blue) - Brand New;;;;0;no_match;
iPadAir1120255G8R256Prp-AU;Apple iPad Air 2025 5G 11" (8GB RAM, 256GB, Purple) - Brand New;;;;0;no_match;
iPadAir1120255G8R256Gry-AU;Apple iPad Air 2025 5G 11" (8GB RAM, 256GB, Space Gray) - Brand New;;;;0;no_match;
iPad10.910WF64YlwPRT-AU;Apple iPad 10 Wifi 10.9" (4GB RAM, 64GB, Yellow) - Brand New;;;;0;no_match;
iPad1120255G6R256Slv-AU;Apple iPad 2025 5G 11" (6GB RAM, 256GB, Silver) - Brand New;;;;0;no_match;
iPad10.910WF64YlwPRT-AU;Apple iPad 10 Wifi 10.9" (4GB RAM, 64GB, Yellow) - Brand New;;;;0;no_match;
iPad1120255G6R512Pnk-AU;Apple iPad 2025 5G 11" (6GB RAM, 512GB, Pink) - Brand New;;;;0;no_match;
iPad1120255G6R512Ylw-AU;Apple iPad 2025 5G 11" (6GB RAM, 512GB, Yellow) - Brand New;;;;0;no_match;
iPad112025WF6R128Pnk-AU;Apple iPad 2025 Wifi 11" (6GB RAM, 128GB, Pink) - Brand New;;;;0;no_match;
iPad112025WF6R128Ylw-AU;Apple iPad 2025 Wifi 11" (6GB RAM, 128GB, Yellow) - Brand New;;;;0;no_match;
iPad112025WF6R256Pnk-AU;Apple iPad 2025 Wifi 11" (6GB RAM, 256GB, Pink) - Brand New;;;;0;no_match;
iPad112025WF6R256Ylw-AU;Apple iPad 2025 Wifi 11" (6GB RAM, 256GB, Yellow) - Brand New;;;;0;no_match;
iPad112025WF6R512Pnk-AU;Apple iPad 2025 Wifi 11" (6GB RAM, 512GB, Pink) - Brand New;;;;0;no_match;
iPad112025WF6R512Ylw-AU;Apple iPad 2025 Wifi 11" (6GB RAM, 512GB, Yellow) - Brand New;;;;0;no_match;
iPadAir1120255G8R128Prp-AU;Apple iPad Air 2025 5G 11" (8GB RAM, 128GB, Purple) - Brand New;;;;0;no_match;
iPadAir1120255G8R128Stl-AU;Apple iPad Air 2025 5G 11" (8GB RAM, 128GB, Starlight) - Brand New;;;;0;no_match;
iPadAir1120255G8R1TBPrp-AU;Apple iPad Air 2025 5G 11" (8GB RAM, 1TB, Purple) - Brand New;;;;0;no_match;
iPadAir1120255G8R1TBStl-AU;Apple iPad Air 2025 5G 11" (8GB RAM, 1TB, Starlight) - Brand New;;;;0;no_match;
iPadAir1120255G8R256Prp-AU;Apple iPad Air 2025 5G 11" (8GB RAM, 256GB, Purple) - Brand New;;;;0;no_match;
iPadAir1120255G8R256Stl-AU;Apple iPad Air 2025 5G 11" (8GB RAM, 256GB, Starlight) - Brand New;;;;0;no_match;
iPadAir1120255G8R512Blu-AU;Apple iPad Air 2025 5G 11" (8GB RAM, 512GB, Blue) - Brand New;;;;0;no_match;
iPadAir1120255G8R512Prp-AU;Apple iPad Air 2025 5G 11" (8GB RAM, 512GB, Purple) - Brand New;;;;0;no_match;
iPadAir1120255G8R512Gry-AU;Apple iPad Air 2025 5G 11" (8GB RAM, 512GB, Space Gray) - Brand New;;;;0;no_match;
iPadAir1120255G8R512Stl-AU;Apple iPad Air 2025 5G 11" (8GB RAM, 512GB, Starlight) - Brand New;;;;0;no_match;
iPadAir1320255G8R128Blu-AU;Apple iPad Air 2025 5G 13" (8GB RAM, 128GB, Blue) - Brand New;;;;0;no_match;
iPadAir1320255G8R128Prp-AU;Apple iPad Air 2025 5G 13" (8GB RAM, 128GB, Purple) - Brand New;;;;0;no_match;
iPadAir1320255G8R128Gry-AU;Apple iPad Air 2025 5G 13" (8GB RAM, 128GB, Space Gray) - Brand New;;;;0;no_match;
iPadAir1320255G8R128Stl-AU;Apple iPad Air 2025 5G 13" (8GB RAM, 128GB, Starlight) - Brand New;;;;0;no_match;
iPadAir1320255G8R1TBBlu-AU;Apple iPad Air 2025 5G 13" (8GB RAM, 1TB, Blue) - Brand New;;;;0;no_match;
iPadAir1320255G8R1TBPrp-AU;Apple iPad Air 2025 5G 13" (8GB RAM, 1TB, Purple) - Brand New;;;;0;no_match;
iPadAir1320255G8R1TBGry-AU;Apple iPad Air 2025 5G 13" (8GB RAM, 1TB, Space Gray) - Brand New;;;;0;no_match;
iPadAir1320255G8R1TBStl-AU;Apple iPad Air 2025 5G 13" (8GB RAM, 1TB, Starlight) - Brand New;;;;0;no_match;
iPadAir1320255G8R256Blu-AU;Apple iPad Air 2025 5G 13" (8GB RAM, 256GB, Blue) - Brand New;;;;0;no_match;
iPadAir1320255G8R256Prp-AU;Apple iPad Air 2025 5G 13" (8GB RAM, 256GB, Purple) - Brand New;;;;0;no_match;
iPadAir1320255G8R256Gry-AU;Apple iPad Air 2025 5G 13" (8GB RAM, 256GB, Space Gray) - Brand New;;;;0;no_match;
iPadAir1320255G8R256Stl-AU;Apple iPad Air 2025 5G 13" (8GB RAM, 256GB, Starlight) - Brand New;;;;0;no_match;
iPadAir1320255G8R512Blu-AU;Apple iPad Air 2025 5G 13" (8GB RAM, 512GB, Blue) - Brand New;;;;0;no_match;
iPadAir1320255G8R512Prp-AU;Apple iPad Air 2025 5G 13" (8GB RAM, 512GB, Purple) - Brand New;;;;0;no_match;
iPadAir1320255G8R512Gry-AU;Apple iPad Air 2025 5G 13" (8GB RAM, 512GB, Space Gray) - Brand New;;;;0;no_match;
iPadAir1320255G8R512Stl-AU;Apple iPad Air 2025 5G 13" (8GB RAM, 512GB, Starlight) - Brand New;;;;0;no_match;
iPadAir112025WF8R128Blu-AU;Apple iPad Air 2025 Wifi 11" (8GB RAM, 128GB, Blue) - Brand New;;;;0;no_match;
iPadAir112025WF8R128Prp-AU;Apple iPad Air 2025 Wifi 11" (8GB RAM, 128GB, Purple) - Brand New;;;;0;no_match;
iPadAir112025WF8R128Gry-AU;Apple iPad Air 2025 Wifi 11" (8GB RAM, 128GB, Space Gray) - Brand New;;;;0;no_match;
iPadAir112025WF8R128Stl-AU;Apple iPad Air 2025 Wifi 11" (8GB RAM, 128GB, Starlight) - Brand New;;;;0;no_match;
iPad10.910WF64YlwPRT-AU;Apple iPad 10 Wifi 10.9" (4GB RAM, 64GB, Yellow) - Brand New;;;;0;no_match;
iPad1120255G6R512Ylw-AU;Apple iPad 2025 5G 11" (6GB RAM, 512GB, Yellow) - Brand New;;;;0;no_match;
iPad112025WF6R128Ylw-AU;Apple iPad 2025 Wifi 11" (6GB RAM, 128GB, Yellow) - Brand New;;;;0;no_match;
iPad112025WF6R256Ylw-AU;Apple iPad 2025 Wifi 11" (6GB RAM, 256GB, Yellow) - Brand New;;;;0;no_match;
iPad112025WF6R512Ylw-AU;Apple iPad 2025 Wifi 11" (6GB RAM, 512GB, Yellow) - Brand New;;;;0;no_match;
iPadAir1120255G8R128Stl-AU;Apple iPad Air 2025 5G 11" (8GB RAM, 128GB, Starlight) - Brand New;;;;0;no_match;
iPadAir1120255G8R1TBStl-AU;Apple iPad Air 2025 5G 11" (8GB RAM, 1TB, Starlight) - Brand New;;;;0;no_match;
iPadAir1120255G8R256Stl-AU;Apple iPad Air 2025 5G 11" (8GB RAM, 256GB, Starlight) - Brand New;;;;0;no_match;
iPadAir1120255G8R512Prp-AU;Apple iPad Air 2025 5G 11" (8GB RAM, 512GB, Purple) - Brand New;;;;0;no_match;
iPadAir1120255G8R512Stl-AU;Apple iPad Air 2025 5G 11" (8GB RAM, 512GB, Starlight) - Brand New;;;;0;no_match;
iPadAir1320255G8R128Prp-AU;Apple iPad Air 2025 5G 13" (8GB RAM, 128GB, Purple) - Brand New;;;;0;no_match;
iPadAir1320255G8R128Stl-AU;Apple iPad Air 2025 5G 13" (8GB RAM, 128GB, Starlight) - Brand New;;;;0;no_match;
iPadAir1320255G8R1TBPrp-AU;Apple iPad Air 2025 5G 13" (8GB RAM, 1TB, Purple) - Brand New;;;;0;no_match;
iPadAir1320255G8R1TBStl-AU;Apple iPad Air 2025 5G 13" (8GB RAM, 1TB, Starlight) - Brand New;;;;0;no_match;
iPadAir1320255G8R256Prp-AU;Apple iPad Air 2025 5G 13" (8GB RAM, 256GB, Purple) - Brand New;;;;0;no_match;
iPadAir1320255G8R256Stl-AU;Apple iPad Air 2025 5G 13" (8GB RAM, 256GB, Starlight) - Brand New;;;;0;no_match;
iPadAir1320255G8R512Prp-AU;Apple iPad Air 2025 5G 13" (8GB RAM, 512GB, Purple) - Brand New;;;;0;no_match;
iPadAir1320255G8R512Stl-AU;Apple iPad Air 2025 5G 13" (8GB RAM, 512GB, Starlight) - Brand New;;;;0;no_match;
iPadAir112025WF8R128Prp-AU;Apple iPad Air 2025 Wifi 11" (8GB RAM, 128GB, Purple) - Brand New;;;;0;no_match;
iPadAir112025WF8R128Stl-AU;Apple iPad Air 2025 Wifi 11" (8GB RAM, 128GB, Starlight) - Brand New;;;;0;no_match;
iPadAir112025WF8R1TBBlu-AU;Apple iPad Air 2025 Wifi 11" (8GB RAM, 1TB, Blue) - Brand New;;;;0;no_match;
iPadAir112025WF8R1TBPrp-AU;Apple iPad Air 2025 Wifi 11" (8GB RAM, 1TB, Purple) - Brand New;;;;0;no_match;
iPadAir112025WF8R1TBGry-AU;Apple iPad Air 2025 Wifi 11" (8GB RAM, 1TB, Space Gray) - Brand New;;;;0;no_match;
iPadAir112025WF8R1TBStl-AU;Apple iPad Air 2025 Wifi 11" (8GB RAM, 1TB, Starlight) - Brand New;;;;0;no_match;
iPadAir112025WF8R256Blu-AU;Apple iPad Air 2025 Wifi 11" (8GB RAM, 256GB, Blue) - Brand New;;;;0;no_match;
iPadAir112025WF8R256Prp-AU;Apple iPad Air 2025 Wifi 11" (8GB RAM, 256GB, Purple) - Brand New;;;;0;no_match;
iPadAir112025WF8R256Gry-AU;Apple iPad Air 2025 Wifi 11" (8GB RAM, 256GB, Space Gray) - Brand New;;;;0;no_match;
iPadAir112025WF8R256Stl-AU;Apple iPad Air 2025 Wifi 11" (8GB RAM, 256GB, Starlight) - Brand New;;;;0;no_match;
iPadAir132025WF8R128Blu-AU;Apple iPad Air 2025 Wifi 13" (8GB RAM, 128GB, Blue) - Brand New;;;;0;no_match;
iPadAir132025WF8R128Prp-AU;Apple iPad Air 2025 Wifi 13" (8GB RAM, 128GB, Purple) - Brand New;;;;0;no_match;
iPadAir132025WF8R128Gry-AU;Apple iPad Air 2025 Wifi 13" (8GB RAM, 128GB, Space Gray) - Brand New;;;;0;no_match;
iPadAir132025WF8R128Stl-AU;Apple iPad Air 2025 Wifi 13" (8GB RAM, 128GB, Starlight) - Brand New;;;;0;no_match;
iPadAir132025WF8R1TBBlu-AU;Apple iPad Air 2025 Wifi 13" (8GB RAM, 1TB, Blue) - Brand New;;;;0;no_match;
iPadAir132025WF8R1TBPrp-AU;Apple iPad Air 2025 Wifi 13" (8GB RAM, 1TB, Purple) - Brand New;;;;0;no_match;
iPadAir132025WF8R1TBGry-AU;Apple iPad Air 2025 Wifi 13" (8GB RAM, 1TB, Space Gray) - Brand New;;;;0;no_match;
iPadAir132025WF8R1TBStl-AU;Apple iPad Air 2025 Wifi 13" (8GB RAM, 1TB, Starlight) - Brand New;;;;0;no_match;
iPadAir132025WF8R256Blu-AU;Apple iPad Air 2025 Wifi 13" (8GB RAM, 256GB, Blue) - Brand New;;;;0;no_match;
iPadAir132025WF8R256Prp-AU;Apple iPad Air 2025 Wifi 13" (8GB RAM, 256GB, Purple) - Brand New;;;;0;no_match;
iPadAir132025WF8R256Gry-AU;Apple iPad Air 2025 Wifi 13" (8GB RAM, 256GB, Space Gray) - Brand New;;;;0;no_match;
iPadAir132025WF8R256Stl-AU;Apple iPad Air 2025 Wifi 13" (8GB RAM, 256GB, Starlight) - Brand New;;;;0;no_match;
iPadAir132025WF8R512Blu-AU;Apple iPad Air 2025 Wifi 13" (8GB RAM, 512GB, Blue) - Brand New;;;;0;no_match;
iPadAir132025WF8R512Prp-AU;Apple iPad Air 2025 Wifi 13" (8GB RAM, 512GB, Purple) - Brand New;;;;0;no_match;
iPadAir132025WF8R512Gry-AU;Apple iPad Air 2025 Wifi 13" (8GB RAM, 512GB, Space Gray) - Brand New;;;;0;no_match;
iPadAir132025WF8R512Stl-AU;Apple iPad Air 2025 Wifi 13" (8GB RAM, 512GB, Starlight) - Brand New;;;;0;no_match;
AppIpdMin20245G8R128Blu-AU;Apple iPad Mini 2024 5G (8GB RAM, 128GB, Blue) - Brand New;;;;0;no_match;
AppIpdMin20245G8R128Pur-AU;Apple iPad Mini 2024 5G (8GB RAM, 128GB, Purple) - Brand New;;;;0;no_match;
AppIpdMin20245G8R128Gry-AU;Apple iPad Mini 2024 5G (8GB RAM, 128GB, Space Gray) - Brand New;;;;0;no_match;
AppIpdMin20245G8R128Stl-AU;Apple iPad Mini 2024 5G (8GB RAM, 128GB, Starlight) - Brand New;;;;0;no_match;
AppIpdMin20245G8R256Blu-AU;Apple iPad Mini 2024 5G (8GB RAM, 256GB, Blue) - Brand New;;;;0;no_match;
AppIpdMin20245G8R256Pur-AU;Apple iPad Mini 2024 5G (8GB RAM, 256GB, Purple) - Brand New;;;;0;no_match;
AppIpdMin20245G8R256Gry-AU;Apple iPad Mini 2024 5G (8GB RAM, 256GB, Space Gray) - Brand New;;;;0;no_match;
AppIpdMin20245G8R256Stl-AU;Apple iPad Mini 2024 5G (8GB RAM, 256GB, Starlight) - Brand New;;;;0;no_match;
AppIpdMin20245G8R512Blu-AU;Apple iPad Mini 2024 5G (8GB RAM, 512GB, Blue) - Brand New;;;;0;no_match;
AppIpdMin20245G8R512Pur-AU;Apple iPad Mini 2024 5G (8GB RAM, 512GB, Purple) - Brand New;;;;0;no_match;
AppIpdMin20245G8R512Gry-AU;Apple iPad Mini 2024 5G (8GB RAM, 512GB, Space Gray) - Brand New;;;;0;no_match;
AppIpdMin20245G8R512Stl-AU;Apple iPad Mini 2024 5G (8GB RAM, 512GB, Starlight) - Brand New;;;;0;no_match;
AppIpdMin2024WF8R128Blu-AU;Apple iPad Mini 2024 Wifi (8GB RAM, 128GB, Blue) - Brand New;;;;0;no_match;
AppIpdMin2024WF8R128Pur-AU;Apple iPad Mini 2024 Wifi (8GB RAM, 128GB, Purple) - Brand New;;;;0;no_match;
AppIpdMin2024WF8R128Gry-AU;Apple iPad Mini 2024 Wifi (8GB RAM, 128GB, Space Gray) - Brand New;;;;0;no_match;
AppIpdMin2024WF8R128Stl-AU;Apple iPad Mini 2024 Wifi (8GB RAM, 128GB, Starlight) - Brand New;;;;0;no_match;
AppIpdMin2024WF8R256Blu-AU;Apple iPad Mini 2024 Wifi (8GB RAM, 256GB, Blue) - Brand New;;;;0;no_match;
AppIpdMin2024WF8R256Pur-AU;Apple iPad Mini 2024 Wifi (8GB RAM, 256GB, Purple) - Brand New;;;;0;no_match;
AppIpdMin2024WF8R256Gry-AU;Apple iPad Mini 2024 Wifi (8GB RAM, 256GB, Space Gray) - Brand New;;;;0;no_match;
AppIpdMin2024WF8R256Stl-AU;Apple iPad Mini 2024 Wifi (8GB RAM, 256GB, Starlight) - Brand New;;;;0;no_match;
AppIpdMin2024WF8R512Blu-AU;Apple iPad Mini 2024 Wifi (8GB RAM, 512GB, Blue) - Brand New;;;;0;no_match;
AppIpdMin2024WF8R512Pur-AU;Apple iPad Mini 2024 Wifi (8GB RAM, 512GB, Purple) - Brand New;;;;0;no_match;
AppIpdMin2024WF8R512Gry-AU;Apple iPad Mini 2024 Wifi (8GB RAM, 512GB, Space Gray) - Brand New;;;;0;no_match;
AppIpdMin2024WF8R512Stl-AU;Apple iPad Mini 2024 Wifi (8GB RAM, 512GB, Starlight) - Brand New;;;;0;no_match;
AppIpdMin2021WF4R256Pnk-AU;Apple iPad Mini 6 Wifi (4GB RAM, 256GB, Pink) - Brand New;;;;0;no_match;
AppIpdMin2021WF4R256Prp-AU;Apple iPad Mini 6 Wifi (4GB RAM, 256GB, Purple) - Brand New;;;;0;no_match;
AppIpdMin2021WF4R256Str-AU;Apple iPad Mini 6 Wifi (4GB RAM, 256GB, Starlight) - Brand New;;;;0;no_match;
iPdMn6WF202164StLFI-AU;Apple iPad Mini 6 Wifi (4GB RAM, 64GB, Starlight) - Brand New;;;;0;no_match;
iPadPro20245G16R1TBBlk-AU;Apple iPad Pro 2024 5G 11" (16GB RAM, 1TB, Black) - Brand New;;;;0;no_match;
iPadPro20245G16R1TBSlv-AU;Apple iPad Pro 2024 5G 11" (16GB RAM, 1TB, Silver) - Brand New;;;;0;no_match;
iPadPro20245G16R2TBBlk-AU;Apple iPad Pro 2024 5G 11" (16GB RAM, 2TB, Black) - Brand New;;;;0;no_match;
iPadPro20245G16R2TBSlv-AU;Apple iPad Pro 2024 5G 11" (16GB RAM, 2TB, Silver) - Brand New;;;;0;no_match;
iPadPro20245G8R256Blk-AU;Apple iPad Pro 2024 5G 11" (8GB RAM, 256GB, Black) - Brand New;;;;0;no_match;
iPadPro20245G8R256Slv-AU;Apple iPad Pro 2024 5G 11" (8GB RAM, 256GB, Silver) - Brand New;;;;0;no_match;
iPadPro20245G8R512Blk-AU;Apple iPad Pro 2024 5G 11" (8GB RAM, 512GB, Black) - Brand New;;;;0;no_match;
iPadPro20245G8R512Slv-AU;Apple iPad Pro 2024 5G 11" (8GB RAM, 512GB, Silver) - Brand New;;;;0;no_match;
iPadPro2024135G16R1TBBlk-AU;Apple iPad Pro 2024 5G 13" (16GB RAM, 1TB, Black) - Brand New;;;;0;no_match;
iPadPro2024135G16R1TBSlv-AU;Apple iPad Pro 2024 5G 13" (16GB RAM, 1TB, Silver) - Brand New;;;;0;no_match;
iPadPro2024135G16R2TBBlk-AU;Apple iPad Pro 2024 5G 13" (16GB RAM, 2TB, Black) - Brand New;;;;0;no_match;
iPadPro2024135G16R2TBSlv-AU;Apple iPad Pro 2024 5G 13" (16GB RAM, 2TB, Silver) - Brand New;;;;0;no_match;
iPadPro2024135G8R256Blk-AU;Apple iPad Pro 2024 5G 13" (8GB RAM, 256GB, Black) - Brand New;;;;0;no_match;
iPadPro2024135G8R256Slv-AU;Apple iPad Pro 2024 5G 13" (8GB RAM, 256GB, Silver) - Brand New;;;;0;no_match;
iPadPro2024135G8R512Blk-AU;Apple iPad Pro 2024 5G 13" (8GB RAM, 512GB, Black) - Brand New;;;;0;no_match;
iPadPro2024135G8R512Slv-AU;Apple iPad Pro 2024 5G 13" (8GB RAM, 512GB, Silver) - Brand New;;;;0;no_match;
iPadPro2024WF16R1TBBlk-AU;Apple iPad Pro 2024 Wifi 11" (16GB RAM, 1TB, Black) - Brand New;;;;0;no_match;
iPadPro2024WF16R1TBSlv-AU;Apple iPad Pro 2024 Wifi 11" (16GB RAM, 1TB, Silver) - Brand New;;;;0;no_match;
iPadPro2024WF16R2TBBlk-AU;Apple iPad Pro 2024 Wifi 11" (16GB RAM, 2TB, Black) - Brand New;;;;0;no_match;
iPadPro2024WF16R2TBSlv-AU;Apple iPad Pro 2024 Wifi 11" (16GB RAM, 2TB, Silver) - Brand New;;;;0;no_match;
iPadPro2024WF8R256Blk-AU;Apple iPad Pro 2024 Wifi 11" (8GB RAM, 256GB, Black) - Brand New;;;;0;no_match;
iPadPro2024WF8R256Slv-AU;Apple iPad Pro 2024 Wifi 11" (8GB RAM, 256GB, Silver) - Brand New;;;;0;no_match;
iPadPro2024WF8R512Blk-AU;Apple iPad Pro 2024 Wifi 11" (8GB RAM, 512GB, Black) - Brand New;;;;0;no_match;
iPadPro2024WF8R512Slv-AU;Apple iPad Pro 2024 Wifi 11" (8GB RAM, 512GB, Silver) - Brand New;;;;0;no_match;
iPadPro202413WF16R1TBBlk-AU;Apple iPad Pro 2024 Wifi 13" (16GB RAM, 1TB, Black) - Brand New;;;;0;no_match;
iPadPro202413WF16R1TBSlv-AU;Apple iPad Pro 2024 Wifi 13" (16GB RAM, 1TB, Silver) - Brand New;;;;0;no_match;
iPadPro202413WF16R2TBBlk-AU;Apple iPad Pro 2024 Wifi 13" (16GB RAM, 2TB, Black) - Brand New;;;;0;no_match;
iPadPro202413WF16R2TBSlv-AU;Apple iPad Pro 2024 Wifi 13" (16GB RAM, 2TB, Silver) - Brand New;;;;0;no_match;
iPadPro202413WF8R256Blk-AU;Apple iPad Pro 2024 Wifi 13" (8GB RAM, 256GB, Black) - Brand New;;;;0;no_match;
iPadPro202413WF8R256Slv-AU;Apple iPad Pro 2024 Wifi 13" (8GB RAM, 256GB, Silver) - Brand New;;;;0;no_match;
iPadPro202413WF8R512Blk-AU;Apple iPad Pro 2024 Wifi 13" (8GB RAM, 512GB, Black) - Brand New;;;;0;no_match;
iPadPro202413WF8R512Slv-AU;Apple iPad Pro 2024 Wifi 13" (8GB RAM, 512GB, Silver) - Brand New;;;;0;no_match;
iPhn15ProMax8R512BlkPRT-AU;Apple iPhone 15 Pro Max (8GB RAM, 512GB, Black Titanium) - Brand New;;;;0;no_match;
iPhn168R128Pnk-AU;Apple iPhone 16 5G (8GB RAM, 128GB, Pink) - Brand New;;;;0;no_match;
iPhn168R128Ult-AU;Apple iPhone 16 5G (8GB RAM, 128GB, Ultramarine) - Brand New;;;;0;no_match;
iPad1120255G6R512Ylw-AU;Apple iPad 2025 5G 11" (6GB RAM, 512GB, Yellow) - Brand New;;;;0;no_match;
iPad112025WF6R256Ylw-AU;Apple iPad 2025 Wifi 11" (6GB RAM, 256GB, Yellow) - Brand New;;;;0;no_match;
iPadAir1120255G8R128Stl-AU;Apple iPad Air 2025 5G 11" (8GB RAM, 128GB, Starlight) - Brand New;;;;0;no_match;
iPadAir1120255G8R256Stl-AU;Apple iPad Air 2025 5G 11" (8GB RAM, 256GB, Starlight) - Brand New;;;;0;no_match;
iPadAir1120255G8R512Stl-AU;Apple iPad Air 2025 5G 11" (8GB RAM, 512GB, Starlight) - Brand New;;;;0;no_match;
iPadAir1320255G8R128Stl-AU;Apple iPad Air 2025 5G 13" (8GB RAM, 128GB, Starlight) - Brand New;;;;0;no_match;
iPadAir1320255G8R1TBStl-AU;Apple iPad Air 2025 5G 13" (8GB RAM, 1TB, Starlight) - Brand New;;;;0;no_match;
iPadAir1320255G8R256Stl-AU;Apple iPad Air 2025 5G 13" (8GB RAM, 256GB, Starlight) - Brand New;;;;0;no_match;
iPadAir1320255G8R512Stl-AU;Apple iPad Air 2025 5G 13" (8GB RAM, 512GB, Starlight) - Brand New;;;;0;no_match;
iPadAir112025WF8R128Stl-AU;Apple iPad Air 2025 Wifi 11" (8GB RAM, 128GB, Starlight) - Brand New;;;;0;no_match;
iPadAir112025WF8R1TBPrp-AU;Apple iPad Air 2025 Wifi 11" (8GB RAM, 1TB, Purple) - Brand New;;;;0;no_match;
iPadAir112025WF8R1TBStl-AU;Apple iPad Air 2025 Wifi 11" (8GB RAM, 1TB, Starlight) - Brand New;;;;0;no_match;
iPadAir112025WF8R256Prp-AU;Apple iPad Air 2025 Wifi 11" (8GB RAM, 256GB, Purple) - Brand New;;;;0;no_match;
iPadAir112025WF8R256Stl-AU;Apple iPad Air 2025 Wifi 11" (8GB RAM, 256GB, Starlight) - Brand New;;;;0;no_match;
iPadAir132025WF8R128Prp-AU;Apple iPad Air 2025 Wifi 13" (8GB RAM, 128GB, Purple) - Brand New;;;;0;no_match;
iPadAir132025WF8R128Stl-AU;Apple iPad Air 2025 Wifi 13" (8GB RAM, 128GB, Starlight) - Brand New;;;;0;no_match;
iPadAir132025WF8R1TBPrp-AU;Apple iPad Air 2025 Wifi 13" (8GB RAM, 1TB, Purple) - Brand New;;;;0;no_match;
iPadAir132025WF8R1TBStl-AU;Apple iPad Air 2025 Wifi 13" (8GB RAM, 1TB, Starlight) - Brand New;;;;0;no_match;
iPadAir132025WF8R256Prp-AU;Apple iPad Air 2025 Wifi 13" (8GB RAM, 256GB, Purple) - Brand New;;;;0;no_match;
iPadAir132025WF8R256Stl-AU;Apple iPad Air 2025 Wifi 13" (8GB RAM, 256GB, Starlight) - Brand New;;;;0;no_match;
iPadAir132025WF8R512Prp-AU;Apple iPad Air 2025 Wifi 13" (8GB RAM, 512GB, Purple) - Brand New;;;;0;no_match;
iPadAir132025WF8R512Stl-AU;Apple iPad Air 2025 Wifi 13" (8GB RAM, 512GB, Starlight) - Brand New;;;;0;no_match;
iPadPro20245G16R1TBSlv-AU;Apple iPad Pro 2024 5G 11" (16GB RAM, 1TB, Silver) - Brand New;;;;0;no_match;
iPadPro20245G16R2TBSlv-AU;Apple iPad Pro 2024 5G 11" (16GB RAM, 2TB, Silver) - Brand New;;;;0;no_match;
iPadPro20245G8R256Slv-AU;Apple iPad Pro 2024 5G 11" (8GB RAM, 256GB, Silver) - Brand New;;;;0;no_match;
iPadPro20245G8R512Slv-AU;Apple iPad Pro 2024 5G 11" (8GB RAM, 512GB, Silver) - Brand New;;;;0;no_match;
iPadPro2024135G16R1TBSlv-AU;Apple iPad Pro 2024 5G 13" (16GB RAM, 1TB, Silver) - Brand New;;;;0;no_match;
iPadPro2024135G16R2TBSlv-AU;Apple iPad Pro 2024 5G 13" (16GB RAM, 2TB, Silver) - Brand New;;;;0;no_match;
iPadPro2024135G8R256Slv-AU;Apple iPad Pro 2024 5G 13" (8GB RAM, 256GB, Silver) - Brand New;;;;0;no_match;
iPadPro2024135G8R512Slv-AU;Apple iPad Pro 2024 5G 13" (8GB RAM, 512GB, Silver) - Brand New;;;;0;no_match;
iPadPro2024WF16R1TBSlv-AU;Apple iPad Pro 2024 Wifi 11" (16GB RAM, 1TB, Silver) - Brand New;;;;0;no_match;
iPadPro2024WF16R2TBSlv-AU;Apple iPad Pro 2024 Wifi 11" (16GB RAM, 2TB, Silver) - Brand New;;;;0;no_match;
iPadPro2024WF8R256Slv-AU;Apple iPad Pro 2024 Wifi 11" (8GB RAM, 256GB, Silver) - Brand New;;;;0;no_match;
iPadPro2024WF8R512Slv-AU;Apple iPad Pro 2024 Wifi 11" (8GB RAM, 512GB, Silver) - Brand New;;;;0;no_match;
iPadPro202413WF16R1TBSlv-AU;Apple iPad Pro 2024 Wifi 13" (16GB RAM, 1TB, Silver) - Brand New;;;;0;no_match;
iPadPro202413WF16R2TBSlv-AU;Apple iPad Pro 2024 Wifi 13" (16GB RAM, 2TB, Silver) - Brand New;;;;0;no_match;
iPadPro202413WF8R256Slv-AU;Apple iPad Pro 2024 Wifi 13" (8GB RAM, 256GB, Silver) - Brand New;;;;0;no_match;
iPadPro202413WF8R512Slv-AU;Apple iPad Pro 2024 Wifi 13" (8GB RAM, 512GB, Silver) - Brand New;;;;0;no_match;
iPhn168R256Blk-AU;Apple iPhone 16 5G (8GB RAM, 256GB, Black) - Brand New;;;;0;no_match;
iPhn168R256Pnk-AU;Apple iPhone 16 5G (8GB RAM, 256GB, Pink) - Brand New;;;;0;no_match;
iPhn168R256Tel-AU;Apple iPhone 16 5G (8GB RAM, 256GB, Teal) - Brand New;;;;0;no_match;
iPhn168R256Ult-AU;Apple iPhone 16 5G (8GB RAM, 256GB, Ultramarine) - Brand New;;;;0;no_match;
iPhn168R256Wht-AU;Apple iPhone 16 5G (8GB RAM, 256GB, White) - Brand New;;;;0;no_match;
iPhn168R512Pnk-AU;Apple iPhone 16 5G (8GB RAM, 512GB, Pink) - Brand New;;;;0;no_match;
iPhn16Pls8R128Blk-AU;Apple iPhone 16 Plus 5G (8GB RAM, 128GB, Black) - Brand New;;;;0;no_match;
iPhn16Pls8R128Pnk-AU;Apple iPhone 16 Plus 5G (8GB RAM, 128GB, Pink) - Brand New;;;;0;no_match;
iPhn16Pls8R128Tel-AU;Apple iPhone 16 Plus 5G (8GB RAM, 128GB, Teal) - Brand New;;;;0;no_match;
iPhn16Pls8R128Ult-AU;Apple iPhone 16 Plus 5G (8GB RAM, 128GB, Ultramarine) - Brand New;;;;0;no_match;
iPad112025WF6R256Ylw-AU;Apple iPad 2025 Wifi 11" (6GB RAM, 256GB, Yellow) - Brand New;;;;0;no_match;
iPadAir1120255G8R256Stl-AU;Apple iPad Air 2025 5G 11" (8GB RAM, 256GB, Starlight) - Brand New;;;;0;no_match;
iPadAir1320255G8R128Stl-AU;Apple iPad Air 2025 5G 13" (8GB RAM, 128GB, Starlight) - Brand New;;;;0;no_match;
iPadAir1320255G8R256Stl-AU;Apple iPad Air 2025 5G 13" (8GB RAM, 256GB, Starlight) - Brand New;;;;0;no_match;
iPadAir112025WF8R128Stl-AU;Apple iPad Air 2025 Wifi 11" (8GB RAM, 128GB, Starlight) - Brand New;;;;0;no_match;
CanEOS2000DBodyBlk-PRT-AU;Canon EOS 2000D Body Digital SLR Camera Black - Brand New;;;;0;no_match;
Can2000D18-55IIIPRT-AU;Canon EOS 2000D Kit EF-S 18-55mm f/3.5-5.6 DC III Digital SLR Camera - Brand New;;;;0;no_match;
CanEOS250DBodyKitBBlk-PRT-AU;Canon EOS 250D Body Only Kit Box Black Digital Cameras - Brand New;;;;0;no_match;
Can250D18-55BlkPRT-AU;Canon EOS 250D Kit 18-55 STM Black - Brand New;;;;0;no_match;
CanEOSR1Bod-AU;Canon EOS R1 Mirrorless Camera Body Only - Brand New;;;;0;no_match;
CanEOSR1018150AdpPRT-AU;Canon EOS R10 Mirrorless Camera (18-150mm Lens) With Adapter - Brand New;;;;0;no_match;
CanEOSR101845AdpPRT-AU;Canon EOS R10 Mirrorless Camera (18-45mm Lens) With Adapter - Brand New;;;;0;no_match;
CanEOSR10Bod-AU;Canon EOS R10 Mirrorless Camera Body Only - Brand New;;;;0;no_match;
CanEOS2000DBodyBlk-PRT-AU;Canon EOS 2000D Body Digital SLR Camera Black - Brand New;https://www.amazon.com.au/dp/B07B1B265L;736.3;EOS 2000D DSLR Camera and EF-S 18-55 mm f/3.5-5.6 is II Lens - Black;0.5;matched;
Can2000D18-55IIIPRT-AU;Canon EOS 2000D Kit EF-S 18-55mm f/3.5-5.6 DC III Digital SLR Camera - Brand New;https://www.amazon.com.au/dp/B07B1B265L;736.3;EOS 2000D DSLR Camera and EF-S 18-55 mm f/3.5-5.6 is II Lens - Black;0.5;matched;
CanEOS250DBodyKitBBlk-PRT-AU;Canon EOS 250D Body Only Kit Box Black Digital Cameras - Brand New;https://www.amazon.com.au/dp/B07B1B265L;736.3;EOS 2000D DSLR Camera and EF-S 18-55 mm f/3.5-5.6 is II Lens - Black;0.5;matched;
Can250D18-55BlkPRT-AU;Canon EOS 250D Kit 18-55 STM Black - Brand New;https://www.amazon.com.au/dp/B07B1B265L;736.3;EOS 2000D DSLR Camera and EF-S 18-55 mm f/3.5-5.6 is II Lens - Black;0.5;matched;
CanEOSR1Bod-AU;Canon EOS R1 Mirrorless Camera Body Only - Brand New;https://www.amazon.com.au/dp/B0BYHHMFY6;;EOS R8 Mirrorless Camera Body Only;0.5;matched;
CanEOSR1018150AdpPRT-AU;Canon EOS R10 Mirrorless Camera (18-150mm Lens) With Adapter - Brand New;https://www.amazon.com.au/dp/B0B1ZB3F68;;EOS R10 Mirrorless Camera with RFS18-45STM Lens - AU Version;0.5;matched;
CanEOSR101845AdpPRT-AU;Canon EOS R10 Mirrorless Camera (18-45mm Lens) With Adapter - Brand New;https://www.amazon.com.au/dp/B0B1ZB3F68;;EOS R10 Mirrorless Camera with RFS18-45STM Lens - AU Version;0.5;matched;
CanEOSR10Bod-AU;Canon EOS R10 Mirrorless Camera Body Only - Brand New;https://www.amazon.com.au/dp/B0B1ZB3F68;;EOS R10 Mirrorless Camera with RFS18-45STM Lens - AU Version;0.5;matched;
CanEOS2000DBodyBlk-PRT-AU;Canon EOS 2000D Body Digital SLR Camera Black - Brand New;https://www.amazon.com.au/dp/B07B1B265L;736.3;EOS 2000D DSLR Camera and EF-S 18-55 mm f/3.5-5.6 is II Lens - Black;0.5;matched;
Can2000D18-55IIIPRT-AU;Canon EOS 2000D Kit EF-S 18-55mm f/3.5-5.6 DC III Digital SLR Camera - Brand New;https://www.amazon.com.au/dp/B07B1B265L;736.3;EOS 2000D DSLR Camera and EF-S 18-55 mm f/3.5-5.6 is II Lens - Black;0.5;matched;
CanEOS250DBodyKitBBlk-PRT-AU;Canon EOS 250D Body Only Kit Box Black Digital Cameras - Brand New;https://www.amazon.com.au/dp/B07B1B265L;736.3;EOS 2000D DSLR Camera and EF-S 18-55 mm f/3.5-5.6 is II Lens - Black;0.5;matched;
Can250D18-55BlkPRT-AU;Canon EOS 250D Kit 18-55 STM Black - Brand New;https://www.amazon.com.au/dp/B07B1B265L;736.3;EOS 2000D DSLR Camera and EF-S 18-55 mm f/3.5-5.6 is II Lens - Black;0.5;matched;
CanEOSR1Bod-AU;Canon EOS R1 Mirrorless Camera Body Only - Brand New;https://www.amazon.com.au/dp/B0BYHHMFY6;;EOS R8 Mirrorless Camera Body Only;0.5;matched;
CanEOSR1018150AdpPRT-AU;Canon EOS R10 Mirrorless Camera (18-150mm Lens) With Adapter - Brand New;https://www.amazon.com.au/dp/B0B1ZB3F68;;EOS R10 Mirrorless Camera with RFS18-45STM Lens - AU Version;0.5;matched;
CanEOSR101845AdpPRT-AU;Canon EOS R10 Mirrorless Camera (18-45mm Lens) With Adapter - Brand New;https://www.amazon.com.au/dp/B0B1ZB3F68;;EOS R10 Mirrorless Camera with RFS18-45STM Lens - AU Version;0.5;matched;
CanEOSR10Bod-AU;Canon EOS R10 Mirrorless Camera Body Only - Brand New;https://www.amazon.com.au/dp/B0B1ZB3F68;;EOS R10 Mirrorless Camera with RFS18-45STM Lens - AU Version;0.5;matched;
